run_id,exercise,scenario,ground_truth_reps,ground_truth_hold_seconds,app_reps,app_hold_seconds,absolute_count_error,recovery_seconds,persistence_consistent,app_commit_sha,build_mode,diagnostics_file,fps_sample_count,analysis_fps_p50,frame_processing_ms_p95,analysis_exception_count,resync_count,result,notes
R5-SQ-POS-20,squat,POS-CONTROLLED,20,,,,,,,,,,,,,,,,
R5-SQ-STATIC-30,squat,STATIC-NEGATIVE,0,,,,,,,,,,,,,,,,
R5-SQ-PARTIAL-10,squat,PARTIAL-MOTION,0,,,,,,,,,,,,,,,,
R5-SQ-OCC-3,squat,OCCLUSION,,,,,,,,,,,,,,,,,
R5-SQ-LIFE-3,squat,LIFECYCLE,0,,,,,,,,,,,,,,,,
R5-SQ-PERSIST,squat,PERSISTENCE,,,,,,,,,,,,,,,,,
R5-PU-POS-20,push_up,POS-CONTROLLED,20,,,,,,,,,,,,,,,,
R5-PU-STATIC-30,push_up,STATIC-NEGATIVE,0,,,,,,,,,,,,,,,,
R5-PU-PARTIAL-10,push_up,PARTIAL-MOTION,0,,,,,,,,,,,,,,,,
R5-PU-OCC-3,push_up,OCCLUSION,,,,,,,,,,,,,,,,,
R5-PU-LIFE-3,push_up,LIFECYCLE,0,,,,,,,,,,,,,,,,
R5-PU-PERSIST,push_up,PERSISTENCE,,,,,,,,,,,,,,,,,
R5-PL-POS-30,plank,POS-CONTROLLED,,30,,,,,,,,,,,,,,,
R5-PL-INVALID-30,plank,STATIC-NEGATIVE,,0,,,,,,,,,,,,,,,
R5-PL-OCC-3,plank,OCCLUSION,,,,,,,,,,,,,,,,,
R5-PL-LONG-OCC,plank,LONG-OCCLUSION,,,,,,,,,,,,,,,,,
R5-PL-FORM-BREAK,plank,FORM-BREAK,,,,,,,,,,,,,,,,,
R5-PL-LIFE-3,plank,LIFECYCLE,,,,,,,,,,,,,,,,,
R5-PL-PERSIST,plank,PERSISTENCE,,,,,,,,,,,,,,,,,
